id,title,selftext,permalink,score,upvotes,comments,score_real
1qfgf5p,"u/euxleon Spent 8 months testing canned tomatoes, risking relationships with family and friends",,https://www.reddit.com/r/bestof/comments/1qfgf5p/ueuxleon_spent_8_months_testing_canned_tomatoes/,94710,1657,46,False
1qnnqcz,Former police officer shares retaliation by department when they reported others’ racist misconduct,,https://www.reddit.com/r/bestof/comments/1qnnqcz/former_police_officer_shares_retaliation_by/,83597,1654,74,False
1ok2q8z,The truth about ICE,,https://www.reddit.com/r/bestof/comments/1ok2q8z/the_truth_about_ice/,73468,1649,64,False
1qq2pdy,OP explains every right-wing accusation being a confession,,https://www.reddit.com/r/bestof/comments/1qq2pdy/op_explains_every_rightwing_accusation_being_a/,64379,1556,87,False
1ooltou,Redditor digs into Cuomo's profitable relationship with what appears to be a tech vaporware company,,https://www.reddit.com/r/bestof/comments/1ooltou/redditor_digs_into_cuomos_profitable_relationship/,56957,1555,45,False
1p6x0ed,kms2547 explains that every recent US policy is designed to increase desperation.,,https://www.reddit.com/r/bestof/comments/1p6x0ed/kms2547_explains_that_every_recent_us_policy_is/,49899,1508,96,False
1r0357y,Explanation of Bad Bunny’s half time show.,,https://www.reddit.com/r/bestof/comments/1r0357y/explanation_of_bad_bunnys_half_time_show/,43824,1506,89,False
1vgutr7,OP & his wife complain of lingering metallic/bitter taste. Doctor mentions pine nuts/pesto as one of the things to consider among many. OP recently made a gallon and half pesto,,https://www.reddit.com/r/bestof/comments/1vgutr7/op_his_wife_complain_of_lingering_metallicbitter/,38725,1450,101,False
1sh3eqc,u/Unharmed-Cylinder explains in detail how much of a piece of shit company Kimberly-Clark is after an employees burned a warehouse down for low wages.,,https://www.reddit.com/r/bestof/comments/1sh3eqc/uunharmedcylinder_explains_in_detail_how_much_of/,34320,1440,75,False
1s2djyt,[AskReddit] u/kstargate-425 gives a great rundown of how the oligarchs in the US are robbing the taxpayers blind,,https://www.reddit.com/r/bestof/comments/1s2djyt/askreddit_ukstargate425_gives_a_great_rundown_of/,30281,1422,28,False
1q22903,alcohol distribution industry worker (u/Punkrockid19) breaks down many reasons why sales are plummeting in the U.S. (includes Ozempic!),,https://www.reddit.com/r/bestof/comments/1q22903/alcohol_distribution_industry_worker/,26583,1415,150,False
1pph4n0,Example of the reality of healthcare before Obamacare (ACA).,,https://www.reddit.com/r/bestof/comments/1pph4n0/example_of_the_reality_of_healthcare_before/,23689,1378,137,False
1vk3tck,"Applying Jean-Paul Sartre's point about arguing with anti-Semites to MAGA: ""You cannot use rationality to appeal to irrational people.""",,https://www.reddit.com/r/bestof/comments/1vk3tck/applying_jeanpaul_sartres_point_about_arguing/,20556,1369,83,False
1qd7vwu,"Air Force veteran u/Poppopnamename explains why ICE agents wear military uniforms they have not earned, and movingly explains what an official uniform does or does not mean",,https://www.reddit.com/r/bestof/comments/1qd7vwu/air_force_veteran_upoppopnamename_explains_why/,18450,1369,56,False
1o0upkp,u/FreakinWolfy explains why Trump’s mining road in Alaska is a terrible idea.,,https://www.reddit.com/r/bestof/comments/1o0upkp/ufreakinwolfy_explains_why_trumps_mining_road_in/,16282,1342,41,False
1rr1eir,r/Odysseus_the_Charmed explains how billionaires took over the U.S. government,,https://www.reddit.com/r/bestof/comments/1rr1eir/rodysseus_the_charmed_explains_how_billionaires/,14019,1311,100,False
1rdcwrr,OP (who is a little person) gives nuanced take on Peter Dinklage Snow White controversy,,https://www.reddit.com/r/bestof/comments/1rdcwrr/op_who_is_a_little_person_gives_nuanced_take_on/,12767,1256,68,False
1w6nj8d,u/Yvaelle explains how Canada's $4.7B VIA rail car investment impacts the USA,,https://www.reddit.com/r/bestof/comments/1w6nj8d/uyvaelle_explains_how_canadas_47b_via_rail_car/,11612,1216,134,False
1oh0acl,Cybersecurity pro explains why Al bot posts on Reddit are more dangerous than they look,,https://www.reddit.com/r/bestof/comments/1oh0acl/cybersecurity_pro_explains_why_al_bot_posts_on/,10259,1215,82,False
1u9j80d,u/Automatic_Net2181 provides DoJ library receipts to user pretending Trump isn't clearly implicated by the Epstein Files.,,https://www.reddit.com/r/bestof/comments/1u9j80d/uautomatic_net2181_provides_doj_library_receipts/,8900,1204,35,False
1qwvg9t,u/StoppableHulk gives a very detailed analysis of the orange idiot and his behaviour,,https://www.reddit.com/r/bestof/comments/1qwvg9t/ustoppablehulk_gives_a_very_detailed_analysis_of/,7696,1198,73,False
1ukwvd9,"A professional lawyer with a JD cum laude from a T14 law school and more than a decade of experience schools an r/conservative user who accused them of being an ""very ignorant liberal"" in agreeing with the SCOTUS majority in 'Trump v. Barbara'",,https://www.reddit.com/r/bestof/comments/1ukwvd9/a_professional_lawyer_with_a_jd_cum_laude_from_a/,7408,1191,235,False
1rli59u,"/u/UpperApe explains the root of the ""left-vs-right"" debate",,https://www.reddit.com/r/bestof/comments/1rli59u/uupperape_explains_the_root_of_the_leftvsright/,6592,1190,209,False
1qyukca,A former Ski Patroller talks about a bad accident he assisted on and how it haunted him and get a positive update 27 years later from the skier's friend who was there,,https://www.reddit.com/r/bestof/comments/1qyukca/a_former_ski_patroller_talks_about_a_bad_accident/,5527,1190,16,False
1wggral,Video of police killing a baby rabbit one duty calls upon a ton of construction workers showing pictures of animals they have rescued while working,,https://www.reddit.com/r/bestof/comments/1wggral/video_of_police_killing_a_baby_rabbit_one_duty/,4822,1174,95,False
1qdvre1,Redditor shares their 60% Ticketmaster fee experience. Band chips in that they get $0,,https://www.reddit.com/r/bestof/comments/1qdvre1/redditor_shares_their_60_ticketmaster_fee/,4251,1170,51,False
1qia0ki,"/u/DetroitLionsSBChamps shares how ""The America you grew up with was always going to disappear. The real question is what replaces it.""",,https://www.reddit.com/r/bestof/comments/1qia0ki/udetroitlionssbchamps_shares_how_the_america_you/,3816,1166,44,False
1p009y1,/u/Jay__Riemenschneider explains why American Conservatives obsessed over Obama's tan suit,,https://www.reddit.com/r/bestof/comments/1p009y1/ujay_riemenschneider_explains_why_american/,3441,1166,53,False
1phofw8,"OP detects, explains, warns and countering ""harmless"" engagement Reddit spam bots",,https://www.reddit.com/r/bestof/comments/1phofw8/op_detects_explains_warns_and_countering_harmless/,3189,1149,120,False
1p9ywyf,/u/grandpawalt gives an insider's perspective on the growing realization within the performance sneaker industry that the advances made in high-performance sneakers are inhibiting musculoskeletal development in athletes that wear them,,https://www.reddit.com/r/bestof/comments/1p9ywyf/ugrandpawalt_gives_an_insiders_perspective_on_the/,2652,1145,88,False
1vat5xx,/u/DinoRoman describes what its like living in 2026,,https://www.reddit.com/r/bestof/comments/1vat5xx/udinoroman_describes_what_its_like_living_in_2026/,2331,1127,147,False
1o342x3,u/fixermark explains the consequences of income inequality on the middle class using the Simpsons,,https://www.reddit.com/r/bestof/comments/1o342x3/ufixermark_explains_the_consequences_of_income/,2628,1117,84,False
1ns0wud,parkingviolation212 explains how Hell as a concept is almost entirely derived from Dante's Divine Comedy,,https://www.reddit.com/r/bestof/comments/1ns0wud/parkingviolation212_explains_how_hell_as_a/,1725,1114,74,False
1s9qiyo,u/thedoughbatman tells us just how screwed clavicular is after shooting an alligator,,https://www.reddit.com/r/bestof/comments/1s9qiyo/uthedoughbatman_tells_us_just_how_screwed/,2359,1109,182,False
1qmd5pw,/u/ChiswicksHorses talks about how Pretti's death shows the 2A will never stop government overreach.,,https://www.reddit.com/r/bestof/comments/1qmd5pw/uchiswickshorses_talks_about_how_prettis_death/,1919,1099,80,False
1p54vja,captainmouse86 talks about the Morton Salt Mines,,https://www.reddit.com/r/bestof/comments/1p54vja/captainmouse86_talks_about_the_morton_salt_mines/,1716,1090,24,False
1qbqsrb,Redditor's magnificent explanation on the conservative philosophy behind policing and the hoops that they're willing to through to justify police brutality,,https://www.reddit.com/r/bestof/comments/1qbqsrb/redditors_magnificent_explanation_on_the/,1097,1085,101,False
1pxvh8f,An interesting and well written take on why Ozempic being popular is overall a good thing.,,https://www.reddit.com/r/bestof/comments/1pxvh8f/an_interesting_and_well_written_take_on_why/,1295,1082,211,False
1qjarqc,u/YeetMeIntoKSpace talks about feeling betrayed by the U.S. as a veteran.,,https://www.reddit.com/r/bestof/comments/1qjarqc/uyeetmeintokspace_talks_about_feeling_betrayed_by/,951,1068,57,False
1wdf9ws,User explains Kirkmas,,https://www.reddit.com/r/bestof/comments/1wdf9ws/user_explains_kirkmas/,1410,1046,75,False
1rdimm9,u/Eisgboek explains how men “fall for” cam girl / relationship scams.,,https://www.reddit.com/r/bestof/comments/1rdimm9/ueisgboek_explains_how_men_fall_for_cam_girl/,1505,1043,99,False
1s7rheh,u/sappk explains why most power tool brands turned to garbage and which ones didn't,,https://www.reddit.com/r/bestof/comments/1s7rheh/usappk_explains_why_most_power_tool_brands_turned/,761,1042,99,False
1v2gk1t,Kindly_Honeydew3432 explains why it seems like you always have to wait in an emergency room in the US,,https://www.reddit.com/r/bestof/comments/1v2gk1t/kindly_honeydew3432_explains_why_it_seems_like/,1164,1036,152,False
1s9jh3u,/u/Inevitable_Butthole summarises the President's daily update on Gulf War III,,https://www.reddit.com/r/bestof/comments/1s9jh3u/uinevitable_butthole_summarises_the_presidents/,509,1035,32,False
1sentyy,u/LowKeyNaps lays out the history of how federal-level Democrats have failed to put up any meaningful resistance to Trump beginning with J6,,https://www.reddit.com/r/bestof/comments/1sentyy/ulowkeynaps_lays_out_the_history_of_how/,1318,1023,222,False
1qmboau,"RedRising1917 breaks down evidence from combined and slowed videos of shooting of Alex Pretti, that the ICE agent was the first and only one to shoot.",,https://www.reddit.com/r/bestof/comments/1qmboau/redrising1917_breaks_down_evidence_from_combined/,654,1012,48,False
1p1k0v1,"Commenter on r/law deconstructs the ""debate as performance"" clickbait culture using Charlie Kirk's techniques as an example",,https://www.reddit.com/r/bestof/comments/1p1k0v1/commenter_on_rlaw_deconstructs_the_debate_as/,377,1002,45,False
1uckpzz,/u/RBZRBZRBZRBZ explains just how bad the terms of Trump's Iran deal are.,,https://www.reddit.com/r/bestof/comments/1uckpzz/urbzrbzrbzrbz_explains_just_how_bad_the_terms_of/,1122,996,75,False
1okr970,"Father wanted to know where his shirt was from that he would wear on his daughters birthday for 17 years straight, then this happened, it's honestly so heartwarming ☺️",,https://www.reddit.com/r/bestof/comments/1okr970/father_wanted_to_know_where_his_shirt_was_from/,766,995,15,False
1twu5p7,"u/ThirdGenRegen explains why coal is economically dead in the modern era, even for traditionally coal-intensive processes like steelmaking",,https://www.reddit.com/r/bestof/comments/1twu5p7/uthirdgenregen_explains_why_coal_is_economically/,883,981,38,False
