article_id,title,url,description,pub_date,author,source_post,scraped_at
cb3ecfcb652b,"Innovation Is Driving a New Bull Market in Biotech . Biotechnology stocks are soaring this year as medical advances and merger activity rekindle investor interest. More gains lie ahead, our healthcare",https://www.barrons.com/articles/biotech-healthcare-stocks-roundtable-057abe29,,2026-09-29T06:00:45-04:00,Barron’s,https://ritholtz.com/2026/09/10-tuesday-am-reads-492/,2026-09-29T11:00:28.002647
db685942b169,"Is an Agentic Bank Run Coming? Muse and similar agentic AI assistants could soon sweep household cash automatically into accounts paying 3.3% to 5.0%, instead of the 0.1% national average on checking ",https://www.apollo.com/wealth/insights-news/insights/daily-spark/is-an-agentic-bank-run-coming,,2026-09-29T06:00:45-04:00,Apollo,https://ritholtz.com/2026/09/10-tuesday-am-reads-492/,2026-09-29T11:00:28.002772
af848d53d8fc,Capital Cycle IQ & the Forensic Files of the Big 5 Hyperscalers,https://michaeljburry.substack.com/p/capital-cycle-iq-and-the-forensic,"Michael Burry on where we are in the capital cycle, which he argues explains most of the biggest moves in asset prices over the past three decades, applied to the hyperscalers’ balance sheets. The Heretic’s Guide to AI’s Stars Part V, with CU Universe Rankings, the All Map (  )",2026-09-29T06:00:45-04:00,Cassandra Unchained,https://ritholtz.com/2026/09/10-tuesday-am-reads-492/,2026-09-29T11:00:28.002925
ae494778477d,Ban Chinese cars? They’re already here . More competition would be better for American drivers. The Post’s Editorial Board points out that one Chinese-owned company has already cleared the bar to sell,https://www.washingtonpost.com/opinions/2026/09/25/china-already-sells-cars-us-ban-would-hurt-american-buyers/,Volvo . A ban would mostly hurt American buyers. (  ),2026-09-29T06:00:45-04:00,Washington Post,https://ritholtz.com/2026/09/10-tuesday-am-reads-492/,2026-09-29T11:00:28.002998
d3bddea93d59,The Major Social Media Platforms Are All Rejecting Paid Ads for Alex Gibney’s ‘Musk’,https://www.hollywoodreporter.com/business/digital/elon-musk-documentary-trailer-rejected-tiktok-youtube-1236710259/,"YouTube, TikTok and Meta have all turned down trailer ads for Gibney’s Elon Musk documentary. The Oct. 9 doc has been rejected, citing “political” content. X won’t even take Bleecker Street’s calls. The distributor is appealing. Censorship, American style… (  )",2026-09-29T06:00:45-04:00,Hollywood Reporter,https://ritholtz.com/2026/09/10-tuesday-am-reads-492/,2026-09-29T11:00:28.003059
43c94fc4f060,Why No One Wants to Date Tech Bros,https://www.wired.com/story/tech-bros-dating-palantir-tesla/,"Elana Klein on the 23-year-old Palantir engineer explaining his $250,000 salary at a Manhattan bar, and not getting the sympathy he expected. Once seen as nerdy but harmless innovators, men in tech are now widely regarded as red-pilled Elon Musk wannabes. It’s made getting laid a whole lot harder. (  )",2026-09-29T06:00:45-04:00,Wired,https://ritholtz.com/2026/09/10-tuesday-am-reads-492/,2026-09-29T11:00:28.003106
0ab0347911db,Banished to Alien Lands: Trump’s Secret Deportation Deals,https://www.theguardian.com/us-news/ng-interactive/2026/sep/21/trump-deportation-deals,"Louisa Loveluck on the agreements that landed an Iranian woman in the middle of Africa. After a plane journey in shackles, an Iranian woman found herself in the middle of Africa in a country she did not know existed. She is one of thousands deported from the US on the back of shadowy deals made with dozens of countries. An in-depth investigation reveals the ‘show of force’ costing American taxpayers millions (  ) see also The Northern Passage : ICE is targeting Haitians with new intensity. Now s",2026-09-29T06:00:45-04:00,The Guardian,https://ritholtz.com/2026/09/10-tuesday-am-reads-492/,2026-09-29T11:00:28.003161
305b030b87ab,"Talk Less, Listen More and Six Other Top Tips on Giving Good Advice",https://www.theguardian.com/lifeandstyle/2026/sep/18/tips-giving-good-advice,"Are you someone who thinks they have all the answers? Is your experience relevant here? Amelia Abraham, starting with the Guardian’s Annalisa Barbieri: often the person asking for advice just wants to talk about how they feel. Experts on the questions to ask yourself before giving advice (  )",2026-09-29T06:00:45-04:00,The Guardian,https://ritholtz.com/2026/09/10-tuesday-am-reads-492/,2026-09-29T11:00:28.003264
dfbad7cbdb02,"The Interview Sylvester Stallone Hid His Struggles for Decades. Now He’s Coming Clean . Now 80, and with a new memoir, titled “The Steps” (a nod to the Philadelphia Museum of Art stairs he famously sc",https://www.nytimes.com/2026/09/26/magazine/sylvester-stallone-interview.html,,2026-09-29T06:00:45-04:00,New York Times,https://ritholtz.com/2026/09/10-tuesday-am-reads-492/,2026-09-29T11:00:28.003423
e6dfa25fcdcf,The best-selling product of all time Source:,https://asymco.com/2026/09/28/the-best-selling-product-of-all-time/,,2026-09-29T06:00:45-04:00,Asymco,https://ritholtz.com/2026/09/10-tuesday-am-reads-492/,2026-09-29T11:00:28.003657
