id,title,selftext,permalink,score
1rkwvmf,The mask slipped during Karoline Leavitt’s press conference on Iran,,https://www.reddit.com/r/TrueReddit/comments/1rkwvmf/the_mask_slipped_during_karoline_leavitts_press/,59207
1okk4dl,Harvard conservative magazine is shut down after publishing article laced with Nazi rhetoric,,https://www.reddit.com/r/TrueReddit/comments/1okk4dl/harvard_conservative_magazine_is_shut_down_after/,52145
1qoecp7,Minnesota Proved MAGA Wrong,,https://www.reddit.com/r/TrueReddit/comments/1qoecp7/minnesota_proved_maga_wrong/,46230
1qjuj8q,We Are Witnessing the Self-Immolation of a Superpower,,https://www.reddit.com/r/TrueReddit/comments/1qjuj8q/we_are_witnessing_the_selfimmolation_of_a/,40529
1ptg3xc,Archivists Posted the 60 Minutes CECOT Segment Bari Weiss Killed,,https://www.reddit.com/r/TrueReddit/comments/1ptg3xc/archivists_posted_the_60_minutes_cecot_segment/,35687
1r9i98m,Third American death linked to ICE uncovered by Newsweek,,https://www.reddit.com/r/TrueReddit/comments/1r9i98m/third_american_death_linked_to_ice_uncovered_by/,31303
1r216wh,Conservatives Are Terrified That People Like Me Are Buying Guns Now. Maybe They Should Be.,,https://www.reddit.com/r/TrueReddit/comments/1r216wh/conservatives_are_terrified_that_people_like_me/,28203
1p9rhhm,"Viral essay says $140,000 should be the new poverty line",,https://www.reddit.com/r/TrueReddit/comments/1p9rhhm/viral_essay_says_140000_should_be_the_new_poverty/,24111
1qwmgan,"ICE dragged me from my car after I told agents I’m autistic. I thought, ‘I just have to make it through this alive’",,https://www.reddit.com/r/TrueReddit/comments/1qwmgan/ice_dragged_me_from_my_car_after_i_told_agents_im/,21538
1rwo6rv,Everyone but Trump Understands What He’s Done,,https://www.reddit.com/r/TrueReddit/comments/1rwo6rv/everyone_but_trump_understands_what_hes_done/,18665
1nvcjx6,Federal Workers Are Being Told to Blame Democrats for the Shutdown,,https://www.reddit.com/r/TrueReddit/comments/1nvcjx6/federal_workers_are_being_told_to_blame_democrats/,16934
1sn0el3,"Mexico is officially launching universal healthcare this week, giving all 120 million citizens access to all public health institutions",,https://www.reddit.com/r/TrueReddit/comments/1sn0el3/mexico_is_officially_launching_universal/,14949
1owztvc,All MAGA Wanted Was the Epstein Files. Now They're Ignoring Them,,https://www.reddit.com/r/TrueReddit/comments/1owztvc/all_maga_wanted_was_the_epstein_files_now_theyre/,13305
1uw0lv4,"The Most Corrupt Presidency in American History, by the Numbers",,https://www.reddit.com/r/TrueReddit/comments/1uw0lv4/the_most_corrupt_presidency_in_american_history/,11286
1o1o6n7,Trump just hosted an ‘Antifa roundtable’ at the White House ... it was so much worse than you’re imagining,,https://www.reddit.com/r/TrueReddit/comments/1o1o6n7/trump_just_hosted_an_antifa_roundtable_at_the/,10301
1v3mbzk,A Teen Reporter Searched for His Community in the Epstein Files. Adults Freaked Out,,https://www.reddit.com/r/TrueReddit/comments/1v3mbzk/a_teen_reporter_searched_for_his_community_in_the/,9618
1s2n6u9,Republican Says Trump Blocked TSA Agents Getting Paid,,https://www.reddit.com/r/TrueReddit/comments/1s2n6u9/republican_says_trump_blocked_tsa_agents_getting/,7766
1q6tzzh,DHS Is Lying To You About ICE Shooting a Woman,,https://www.reddit.com/r/TrueReddit/comments/1q6tzzh/dhs_is_lying_to_you_about_ice_shooting_a_woman/,7013
1q7qf1x,Furious Vance tried to cool anger over ICE killing - but instead shouted and blamed everyone but the shooter,,https://www.reddit.com/r/TrueReddit/comments/1q7qf1x/furious_vance_tried_to_cool_anger_over_ice/,6275
1scgotm,"In private, Trump has plans for unspeakable violence. I know because he told me",,https://www.reddit.com/r/TrueReddit/comments/1scgotm/in_private_trump_has_plans_for_unspeakable/,5875
1pz5bp9,Epstein Files: Viral Post Claims to Prove DOJ Is Redacting Trump’s Name: A Deeper Look at What This Actually Is,,https://www.reddit.com/r/TrueReddit/comments/1pz5bp9/epstein_files_viral_post_claims_to_prove_doj_is/,5302
1shutfz,JD Vance Is The Most Malignant Force In Politics,,https://www.reddit.com/r/TrueReddit/comments/1shutfz/jd_vance_is_the_most_malignant_force_in_politics/,4665
1ppy25l,She’s Married to the Architect of Trump’s Darkest Policies. She Wants America to Love Her. It’s Not Going Well.,,https://www.reddit.com/r/TrueReddit/comments/1ppy25l/shes_married_to_the_architect_of_trumps_darkest/,3900
1up7d6y,The Death of Renee Good Has Yet to Be Properly Investigated,,https://www.reddit.com/r/TrueReddit/comments/1up7d6y/the_death_of_renee_good_has_yet_to_be_properly/,3693
1ooh2lp,"FBI Warns of Criminals Posing as ICE, Urges Agents to ID Themselves",,https://www.reddit.com/r/TrueReddit/comments/1ooh2lp/fbi_warns_of_criminals_posing_as_ice_urges_agents/,3568
1nrdfpe,"No matter how much he blames Democrats, Trump would own a government shutdown",,https://www.reddit.com/r/TrueReddit/comments/1nrdfpe/no_matter_how_much_he_blames_democrats_trump/,3360
1sp1gtf,The FBI Director Is MIA: Kash Patel has alarmed colleagues with episodes of excessive drinking and unexplained absences.,,https://www.reddit.com/r/TrueReddit/comments/1sp1gtf/the_fbi_director_is_mia_kash_patel_has_alarmed/,2343
1nwaqzh,Government Workers Say Their Out-of-Office Replies Were Forcibly Changed to Blame Democrats for Shutdown,,https://www.reddit.com/r/TrueReddit/comments/1nwaqzh/government_workers_say_their_outofoffice_replies/,2062
1rxj6jd,Trump now calls war reporting ‘treason’. His attacks on the press are escalating fast,,https://www.reddit.com/r/TrueReddit/comments/1rxj6jd/trump_now_calls_war_reporting_treason_his_attacks/,2153
1r913vw,Mom of 7-year-old hospitalized with brain swelling from measles: ‘I still wouldn’t have given my son the vaccine’,,https://www.reddit.com/r/TrueReddit/comments/1r913vw/mom_of_7yearold_hospitalized_with_brain_swelling/,1840
1qnqxc7,Clear sign that Trump and Noem’s ICE swarm in Minnesota is falling apart after the Alex Pretti killing,,https://www.reddit.com/r/TrueReddit/comments/1qnqxc7/clear_sign_that_trump_and_noems_ice_swarm_in/,1847
1ug9eck,30-Year Sentence for Transporting Zines Is a Five-Alarm Fire for Free Speech,,https://www.reddit.com/r/TrueReddit/comments/1ug9eck/30year_sentence_for_transporting_zines_is_a/,1361
1qmwiae,Why won’t anyone stop ICE from masking? | ﻿Doxxing is not a good reason to have faceless police.,,https://www.reddit.com/r/TrueReddit/comments/1qmwiae/why_wont_anyone_stop_ice_from_masking_doxxing_is/,1716
1qoji7c,Rupert Murdoch sends unsubtle message to Trump to stop the madness in Minneapolis,,https://www.reddit.com/r/TrueReddit/comments/1qoji7c/rupert_murdoch_sends_unsubtle_message_to_trump_to/,1597
1r25z0e,Pam Bondi has fully drunk the Kool-Aid. Her latest hearing about the Epstein files proves it,,https://www.reddit.com/r/TrueReddit/comments/1r25z0e/pam_bondi_has_fully_drunk_the_koolaid_her_latest/,861
1ub9vxh,A Trillion Dollars Isn’t Worth It If You Have to Be Elon Musk,,https://www.reddit.com/r/TrueReddit/comments/1ub9vxh/a_trillion_dollars_isnt_worth_it_if_you_have_to/,1313
1s4abfq,Pentagon Wants It to Be Illegal for Reporters to Ask “Unauthorized” Questions,,https://www.reddit.com/r/TrueReddit/comments/1s4abfq/pentagon_wants_it_to_be_illegal_for_reporters_to/,898
1qxs073,Donald Trump Already Knows the 2026 Election Is “Rigged”,,https://www.reddit.com/r/TrueReddit/comments/1qxs073/donald_trump_already_knows_the_2026_election_is/,1425
1saiath,"What in god’s name is Pete Hegseth doing in Iran? Religious framing is ‘completely, totally unprecedented,’ experts say",,https://www.reddit.com/r/TrueReddit/comments/1saiath/what_in_gods_name_is_pete_hegseth_doing_in_iran/,1224
1qr9ycm,‘We’re here to demoralise’: The Minneapolis locals tracking Trump’s ICE agents’ every move,,https://www.reddit.com/r/TrueReddit/comments/1qr9ycm/were_here_to_demoralise_the_minneapolis_locals/,1013
1qbxgew,You’ve Heard About Who ICE Is Recruiting. The Truth Is Far Worse. I’m the Proof.,,https://www.reddit.com/r/TrueReddit/comments/1qbxgew/youve_heard_about_who_ice_is_recruiting_the_truth/,1065
1rwlb04,Watch Mike Johnson Struggle to Name Even One Example of Voter Fraud,,https://www.reddit.com/r/TrueReddit/comments/1rwlb04/watch_mike_johnson_struggle_to_name_even_one/,884
1qolqnc,I grew up with Alex Pretti | The kind-hearted ICU nurse shot by ICE agents was my childhood best friend.,,https://www.reddit.com/r/TrueReddit/comments/1qolqnc/i_grew_up_with_alex_pretti_the_kindhearted_icu/,788
1sjrjbx,Melania Trump Has an Amanda Ungaro Problem—A Big One,,https://www.reddit.com/r/TrueReddit/comments/1sjrjbx/melania_trump_has_an_amanda_ungaro_problema_big/,536
1noj5w2,She Fought the Far Right Online for Years. Now She Wants to Do It in Congress,,https://www.reddit.com/r/TrueReddit/comments/1noj5w2/she_fought_the_far_right_online_for_years_now_she/,663
1riwexd,Pete Hegseth’s speech about the war in Iran was both deeply unserious and terrifying at the same time,,https://www.reddit.com/r/TrueReddit/comments/1riwexd/pete_hegseths_speech_about_the_war_in_iran_was/,1081
1vx9km9,‘Argentina Is Fighting for Its Life’: Trump Defends Foreign Beef Plan as American Ranchers Cry Foul,,https://www.reddit.com/r/TrueReddit/comments/1vx9km9/argentina_is_fighting_for_its_life_trump_defends/,856
1vp8i1v,"Yale study finds ‘Medicare for All’ could save $1 trillion and 114,000 lives every year",,https://www.reddit.com/r/TrueReddit/comments/1vp8i1v/yale_study_finds_medicare_for_all_could_save_1/,961
1t3i3be,America Is Officially an Empire in Decline,,https://www.reddit.com/r/TrueReddit/comments/1t3i3be/america_is_officially_an_empire_in_decline/,694
1urtv0g,The government wants to scare Americans out of sharing the news,,https://www.reddit.com/r/TrueReddit/comments/1urtv0g/the_government_wants_to_scare_americans_out_of/,353
