id,title,selftext,permalink,score,score_real
1r2vnhs,"TIL a Dollar General employee who was told she couldn't keep drinks at the cash register was fired after taking and drinking a $1.69 orange juice to stave off diabetic shock. Despite her paying for the orange juice afterward, the company said she was 'grazing'. Later, a jury awarded her $277,565.",,https://www.reddit.com/r/todayilearned/comments/1r2vnhs/til_a_dollar_general_employee_who_was_told_she/,96793,False
1r3puv4,"TIL a Burger King cook (who'd worked there for 24 years) was fired for taking home a sandwich, fries & a drink after her manager claimed she had only asked permission for a sandwich & accused her of stealing. However, a judge ruled that the cook did not intend to steal the food & awarded her $46,000",,https://www.reddit.com/r/todayilearned/comments/1r3puv4/til_a_burger_king_cook_whod_worked_there_for_24/,85071,False
1v1os6h,"TIL about the ""Batman effect"": In an experiment, a woman appearing pregnant boarded a train. In some trials, another experimenter dressed as Batman also entered. Passengers were far more likely to offer the woman their seat when Batman was present—67.2% compared with 37.7%.",,https://www.reddit.com/r/todayilearned/comments/1v1os6h/til_about_the_batman_effect_in_an_experiment_a/,74612,False
1o4u1pk,"TIL in 2014, passengers were warned three times not to eat nuts on a Ryanair flight due to a 4-year-old girl's severe nut allergy, but a passenger sitting four rows away from the girl ate nuts anyway. The girl went into anaphylactic shock, and the passenger was banned from the airline for two years.",,https://www.reddit.com/r/todayilearned/comments/1o4u1pk/til_in_2014_passengers_were_warned_three_times/,65910,False
1vlwrob,"TIL a geologist was ridiculed for decades for claiming the Pacific Northwest was carved by a catastrophic Ice Age flood. NASA satellite images proved him right in the 1970s. He finally received geology's highest honor at 96 and said ""All my enemies are dead, so I have no one to gloat over.""",,https://www.reddit.com/r/todayilearned/comments/1vlwrob/til_a_geologist_was_ridiculed_for_decades_for/,57989,False
1oo7apx,"TIL that when Margaret Keane sued her ex-husband, Walter Keane for plagiarizing her work, the judge asked both of them to create a painting in her signature style in front of the courtroom. Walter declined, citing a sore shoulder, whereas Margaret completed her painting in 53 minutes.",,https://www.reddit.com/r/todayilearned/comments/1oo7apx/til_that_when_margaret_keane_sued_her_exhusband/,51584,False
1vd07ll,"TIL that during the difficult birth of his son, Napoleon was asked if wife or child should be prioritized. He ordered the empress to be saved but both survived. Napoleon was traumatized by watching his wife's pain saying “I had rather never have any more children than see her suffer so much again""",,https://www.reddit.com/r/todayilearned/comments/1vd07ll/til_that_during_the_difficult_birth_of_his_son/,44844,False
1phe82c,"TIL that an AI company which raised $450M in investments from Microsoft and SoftBank, and was valued at $1.5B, turned out to be 700 Indians just manually coding with no AI whatsoever",,https://www.reddit.com/r/todayilearned/comments/1phe82c/til_that_an_ai_company_which_raised_450m_in/,40249,False
1o65pez,"TIL that in 1780, an enslaved woman known as Mum Bet overheard the newly-enacted Massachusetts Constitution being read out, which said ""all men are born free and equal"". She sued her master as a result. The court ruled this meant slavery was now illegal and awarded her 30 shillings in compensation.",,https://www.reddit.com/r/todayilearned/comments/1o65pez/til_that_in_1780_an_enslaved_woman_known_as_mum/,35510,False
1r1bkll,"TIL the actor who played Furio in the Sopranos spotted an incorrectly labeled painting at an auction. He purchased it for $68,000 and later had it correctly appraised for $10 million.",,https://www.reddit.com/r/todayilearned/comments/1r1bkll/til_the_actor_who_played_furio_in_the_sopranos/,31089,False
1o0x1e6,"TIL in the movie This is the End (2013), Rihanna told Michael Cera he could actually slap her ass for a scene if she could actually slap him in the face in return. On the take used in the movie, Rihanna slapped him so hard, Cera had to go lay down in his trailer for around half an hour.",,https://www.reddit.com/r/todayilearned/comments/1o0x1e6/til_in_the_movie_this_is_the_end_2013_rihanna/,27441,False
1ssnwrd,"TIL that US student math and reading scores have dropped so sharply that they’ve erased nearly two decades of progress. In '22/23, avg math scores for 13-year-olds fell to levels not seen since the 1990s, while reading scores for high school seniors hit their lowest point since testing began in '92.",,https://www.reddit.com/r/todayilearned/comments/1ssnwrd/til_that_us_student_math_and_reading_scores_have/,24113,False
1qmr8dl,"TIL that Eminem, in addition to his biological daughter Hailie Jade, has legally adopted and had custody of Alaina (his ex-sister-in-law's daughter) and Stevie (his ex-wife's child with another father) and he also raised his younger half-brother Nathan",,https://www.reddit.com/r/todayilearned/comments/1qmr8dl/til_that_eminem_in_addition_to_his_biological/,21666,False
1o2vd7t,"TIL the three actors in The Blair Witch Project signed a contract with a clause that allowed the studio to use their real names ""for the purpose of this film"". So when their identities were used again in the sequel without their permission, they sued the studio and won a settlement of $300,000 each.",,https://www.reddit.com/r/todayilearned/comments/1o2vd7t/til_the_three_actors_in_the_blair_witch_project/,18580,False
1sxbk1e,"TIL in 1963, a man renovating his home in Turkey noticed his chickens kept disappearing into a crack in his basement wall. When he dug it open, he found the ancient city of Derinkuyu, an 18 level city 85m underground that could shelter 20,000 people.",,https://www.reddit.com/r/todayilearned/comments/1sxbk1e/til_in_1963_a_man_renovating_his_home_in_turkey/,17034,False
1skb9po,"TIL James Cameron rejected studio notes from Fox executives about making Avatar (2009) shorter, reminding them that his previous film Titanic (1997) paid for the building they were meeting in.",,https://www.reddit.com/r/todayilearned/comments/1skb9po/til_james_cameron_rejected_studio_notes_from_fox/,14267,False
1p2bjc8,"TIL The Netherlands has been closing prisons due to a significantly low prison population, which is a result of decreasing crime rates, shorter sentences, and a focus on rehabilitation. Around 19 prisons have been shut down since 2009",,https://www.reddit.com/r/todayilearned/comments/1p2bjc8/til_the_netherlands_has_been_closing_prisons_due/,12865,False
1otuboi,"TIL that when President McKinley was shot in 1901, the best surgeon around was knee-deep in a complex operation. When told he was needed elsewhere, he replied that he could not leave, not even for the President. Even after he was told who his new patient was, he remained put and finished his work.",,https://www.reddit.com/r/todayilearned/comments/1otuboi/til_that_when_president_mckinley_was_shot_in_1901/,11800,False
1qynt4p,"TIL 7-year-old Bonnie Lohman went to the store with her stepdad & saw her own face on a milk carton. She asked to keep the image & was allowed to on the condition she kept it a secret. However after her neighbors saw the image & reported it, she learned that her mom had kidnapped her when she was 3.",,https://www.reddit.com/r/todayilearned/comments/1qynt4p/til_7yearold_bonnie_lohman_went_to_the_store_with/,10325,False
1p916fj,"TIL Oscar voters now must watch every nominated film in a category before casting a vote, no more voting based on buzz or hype",,https://www.reddit.com/r/todayilearned/comments/1p916fj/til_oscar_voters_now_must_watch_every_nominated/,8914,False
1pomt6b,"TIL that scientists have developed a way of testing for Aphantasia (the inability to visualise things in your mind). The test involves asking participants to envision a bright light and checking for pupil dilation. If their pupils don't dilate, they have Aphantasia.",,https://www.reddit.com/r/todayilearned/comments/1pomt6b/til_that_scientists_have_developed_a_way_of/,8071,False
1nslrp9,"TIL a woman had half of her brain removed when she was 8 due to a condition that caused her to have up to 150 seizures a day. Her doctors said she'd never drive, she got her license at 17. She went on to earn her bachelor's & master's degrees in just 5 years before becoming a speech pathologist.",,https://www.reddit.com/r/todayilearned/comments/1nslrp9/til_a_woman_had_half_of_her_brain_removed_when/,7099,False
1qw9vkj,"TIL Apple recently paid $95 million because Siri was caught eavesdropping on private conversations, like doctor visits and drug deals, then sending those recordings for human contractors to listen to. Siri was triggered not just by ""Hey Siri,"" but by phrases that sounded similar like ""seriously.""",,https://www.reddit.com/r/todayilearned/comments/1qw9vkj/til_apple_recently_paid_95_million_because_siri/,5934,False
1rfaq9y,"TIL that the Switzerlands largest supermarket Migros, doesn’t sell alcohol or tobacco in stores, pays no dividends, caps profits by lowering prices if earnings exceeds 5%, is a cooperative with 2M+ members, and donates 1% of revenue to social projects, purely out of the founders moral philosophy",,https://www.reddit.com/r/todayilearned/comments/1rfaq9y/til_that_the_switzerlands_largest_supermarket/,5581,False
1vnzvxz,"TIL during the shooting of American Psycho, Christian Bale spoke in an American accent off-set at all times. At the wrap party, when he spoke in his native British accent, many of the crew thought he was speaking that way to prepare for another film. They had thought he was American the entire time.",,https://www.reddit.com/r/todayilearned/comments/1vnzvxz/til_during_the_shooting_of_american_psycho/,4714,False
1oftunj,"TIL Bruce Willis was offered $3 million (for four days of work) to return in The Expendables 3 (2014), but turned it down because he wanted $4 million instead. Sylvester Stallone and ""everybody else involved"" rejected Willis' demand and moved on by replacing him with Harrison Ford within 72 hours.",,https://www.reddit.com/r/todayilearned/comments/1oftunj/til_bruce_willis_was_offered_3_million_for_four/,4483,False
1oyo4q9,"TIL of a man who found $7.5 million in a ""Storage Wars"" unit he bought for $500. He had to negotiate with the original owners, who paid him $1.2 million to return their money.",,https://www.reddit.com/r/todayilearned/comments/1oyo4q9/til_of_a_man_who_found_75_million_in_a_storage/,3784,False
1twxurj,"TIL Jordan Peele has cited being offered the voice role of the Poop emoji in 2017's ""The Emoji Movie"" as the pivotal moment that convinced him to quit acting to focus on directing.",,https://www.reddit.com/r/todayilearned/comments/1twxurj/til_jordan_peele_has_cited_being_offered_the/,3857,False
1stjiqr,"TIL That comedian John Olvier turned down an OBE (Order of the British Empire) award because he didn't want his name associated with the words ""British Empire""",,https://www.reddit.com/r/todayilearned/comments/1stjiqr/til_that_comedian_john_olvier_turned_down_an_obe/,3036,False
1ttphel,"TIL when the writers were writing scripts for the TV series Community, they often wrote into the end of the scene ""And then Donald says something funny"" - meaning Donald Glover would just do improv. ""Donald's response would be to riff a line funnier than we could have come up with,"" Dan Harmon said.",,https://www.reddit.com/r/todayilearned/comments/1ttphel/til_when_the_writers_were_writing_scripts_for_the/,3310,False
1sr8p0k,"TIL Apple co-founder Steve Wozniak gave $10 million of his own stock to early Apple employees in 1980 because it was ""the right thing"" to do. Steve Jobs refused to do the same.",,https://www.reddit.com/r/todayilearned/comments/1sr8p0k/til_apple_cofounder_steve_wozniak_gave_10_million/,2209,False
1oz17ur,"TIL scientists have been able to trace the start of HIV/AIDS to King Leopold’s Belgian Congo, originating as far back as 1909. The first person to be infected probably got the virus in the 1920s",,https://www.reddit.com/r/todayilearned/comments/1oz17ur/til_scientists_have_been_able_to_trace_the_start/,2699,False
1qi7nd5,"TIL that Nobel laureate Tu Youyou discovered the malaria drug artemisinin after reading a 1,600 year Chinese medical text and realizing the herb had to be extracted cold, not boiled, paving a treatment estimated to have saved tens of millions of lives. She then tested on herself to prove it.",,https://www.reddit.com/r/todayilearned/comments/1qi7nd5/til_that_nobel_laureate_tu_youyou_discovered_the/,2183,False
1pn45wt,"TIL after a woman recognized a copy of the rare NES game Stadium Events at a goodwill store, she bought it for $8 despite having just $30 in her account. When she took it to a used video game store, she was offered all the money in the cash register for it. She declined, then sold it online for $25K",,https://www.reddit.com/r/todayilearned/comments/1pn45wt/til_after_a_woman_recognized_a_copy_of_the_rare/,2022,False
1unpnrf,"TIL that after Christopher Eccleston left his role as the Doctor in Doctor Who, the BBC made a false statement about his reasons for leaving, and subsequently blacklisted him. Eccleston has since said he would not return to the show unless the producers responsible were sacked.",,https://www.reddit.com/r/todayilearned/comments/1unpnrf/til_that_after_christopher_eccleston_left_his/,1385,False
1r6uye8,"TIL Fred Collins went to visit his brother at the Straight Inc. program, a teen rehab, but before he was allowed to, he was ""screened"" for any drug issues. After he admitted smoking weed, they held him against his will for 10 months before he finally escaped. He then sued them & was awarded $220,000",,https://www.reddit.com/r/todayilearned/comments/1r6uye8/til_fred_collins_went_to_visit_his_brother_at_the/,1495,False
1tt6grr,"TIL in 2003 when Eminem planned to go to the West Coast, some members of the Crips wouldn't allow it unless Em paid them to back off. In response, Em asked the Samoan rap group Boo-Yaa T.R.I.B.E. for protection. They agreed, however their only condition was an Em feature on their album.",,https://www.reddit.com/r/todayilearned/comments/1tt6grr/til_in_2003_when_eminem_planned_to_go_to_the_west/,1562,False
1qdx5il,"TIL A man named Cincinnatus was given absolute power to save Rome from an invasion; he did so in just 16 days, then immediately resigned and went back to his farm.",,https://www.reddit.com/r/todayilearned/comments/1qdx5il/til_a_man_named_cincinnatus_was_given_absolute/,1189,False
1qn4l7k,"TIL in 2024 Bear 32, also known as Chunk, was observed eating 45 sockeye salmon in 10.5 hours from Brooks River in Katmai National Park & Preserve. At an estimated average of 3,000 calories per fish, Chunk consumed around 135,000 calories in that one sitting.",,https://www.reddit.com/r/todayilearned/comments/1qn4l7k/til_in_2024_bear_32_also_known_as_chunk_was/,1045,False
1swrcri,"TIL if under-cooked, a popular mushroom in China causes “lilliputian hallucinations,” a rare phenomenon involving miniature human or fantasy figures. The hallucinations are consistent across people and cultures: ""tiny, elflike people"" climbing under doors, scaling walls & clinging to furniture",,https://www.reddit.com/r/todayilearned/comments/1swrcri/til_if_undercooked_a_popular_mushroom_in_china/,1209,False
1vts8os,TIL NBC offered James Gandolfini $4 million to play the new Dunder Mifflin manager on “The Office” following Steve Carell’s departure. HBO offered Gandolfini $3 million to decline the role and protect his legacy as Tony Soprano. Gandolfini accepted their counteroffer.,,https://www.reddit.com/r/todayilearned/comments/1vts8os/til_nbc_offered_james_gandolfini_4_million_to/,1427,False
1pk8ffm,"TIL Venus flytraps are only found in North and South Carolina (within 100 miles of Wilmington NC), and nowhere else in the world.",,https://www.reddit.com/r/todayilearned/comments/1pk8ffm/til_venus_flytraps_are_only_found_in_north_and/,1407,False
1p41co5,"TIL that sexual inactivity among young adults in the US has doubled in just 14 years. In 2010, 12% of 18-to-29-year-olds reported having no sex in the past year; by 2024, that figure had risen to roughly 24%.",,https://www.reddit.com/r/todayilearned/comments/1p41co5/til_that_sexual_inactivity_among_young_adults_in/,1163,False
1suvjfo,"TIL Shaggy's original voice actor, Casey Kasem, was a vegan and outspoken critic of factory farming. He quit the show in 1995 after being asked to voice Shaggy for a Burger King commercial, and came back after negotiating that Shaggy would become a vegetarian.",,https://www.reddit.com/r/todayilearned/comments/1suvjfo/til_shaggys_original_voice_actor_casey_kasem_was/,1113,False
1qa2osb,TIL in 2024 a 2-year-old girl's blood test revealed that the toddler had a blood alcohol content of .12 after a California restaurant mistakenly served her cooking wine that had been mislabeled as apple juice. The parents took their daughter to the ER after they noticed she had signs of intoxication,,https://www.reddit.com/r/todayilearned/comments/1qa2osb/til_in_2024_a_2yearold_girls_blood_test_revealed/,1057,False
1t3w8rq,"TIL when Eminem's weight increased to 230lbs (100 kg) before he became sober, he was so unrecognizable due to the weight gain that Em once overheard two teenagers arguing about whether or not it was actually him that they were looking at, with one of them stating ""Eminem ain't fat.""",,https://www.reddit.com/r/todayilearned/comments/1t3w8rq/til_when_eminems_weight_increased_to_230lbs_100/,1121,False
1tnn3kv,"TIL that Mount Everest's first measurement came out to a perfect 29,000 feet, so surveyors reported it as 29,002 feet to make sure that the public knew it was a real calculation and not just an estimate.",,https://www.reddit.com/r/todayilearned/comments/1tnn3kv/til_that_mount_everests_first_measurement_came/,824,False
1v1pdpp,"TIL Argentina was the catalyst behind the invention of soccer's yellow/red card system. In 1966, their captain refused an expulsion, later blaming language barriers. To prevent this kind of situation in the future, the universal color-coded system was developed so all players understand the calls.",,https://www.reddit.com/r/todayilearned/comments/1v1pdpp/til_argentina_was_the_catalyst_behind_the/,681,False
1qszj9b,"TIL before 9/11, US airports were public social hubs where you could walk to the gate, eat at food courts, and watch planes without a ticket or ID.",,https://www.reddit.com/r/todayilearned/comments/1qszj9b/til_before_911_us_airports_were_public_social/,719,False
1ob0vvo,"TIL that when Fred Durst of Limp Bizkit wrote the song Hot Dog as a diss track aimed at Trent Reznor, he used so much material from Nine Inch Nail songs that he had to give Trent Reznor a writing credit and pay him royalties.",,https://www.reddit.com/r/todayilearned/comments/1ob0vvo/til_that_when_fred_durst_of_limp_bizkit_wrote_the/,955,False
